,id_card,name,element,force,comment,set,image_path,power
0,1,CART SURFER,Fire,3,"""Dude, I'm totally gonna get like 500 coins this time,"" says a penguin ripping down the track. ""I run through the cave and get sweet air with my 360s and backflips.""",1,./data/images/cards/Card-Jitsu_Cards_full_1.png,False
1,2,COFFEE SHOP,Fire,2,"""Many of our customers come here for some quiet while they read the latest newspaper,"" explains a staff member. ""Ballistic biscotti is our most popular menu item.""",1,./data/images/cards/Card-Jitsu_Cards_full_2.png,False
2,3,ASTRO-BARRIER,Fire,8,"""I remember when Astro-Barrier came out. It was the first arcade game on the island!"" recalls an avid gamer in the Lounge. ""Have you found the secret levels yet?""",1,./data/images/cards/Card-Jitsu_Cards_full_3.png,False
3,4,HOT CHOCOLATE,Fire,3,"""The trick to a great cup of coffee is the time it takes to pour,"" explains the Coffee Stop staff. ""Not too fast but not too slow, then save some room for marshmallows!""",1,./data/images/cards/Card-Jitsu_Cards_full_4.png,False
4,5,LANDING PAD,Fire,4,"""The landing pads around the island are built out of special alloys that disable them from being adversely affected by jet pack heat,"" explains Gary. ""That means they're strong.""",1,./data/images/cards/Card-Jitsu_Cards_full_5.png,False
5,6,PIZZA CHEF,Fire,6,"""First you start with the pizza dough, which gets flattened into pans,"" the chef continues. ""Then it goes down the Pizzatron 3000 line and roasts in the oven.""",1,./data/images/cards/Card-Jitsu_Cards_full_6.png,False
6,7,PAINT BY LETTERS,Fire,2,"""This one's my favorite story in the Book Room because it's about my favorite day of the year,"" he says. ""Besides, I love any story that involves aliens and flashlights.""",1,./data/images/cards/Card-Jitsu_Cards_full_7.png,False
7,8,MINE,Fire,7,"""The Mine is so cool. I can see all kinds of stalactites on the ceiling,"" explains the scientist. ""Stalactites are those things that look like icicles. Oh wait... they're just icicles.""",1,./data/images/cards/Card-Jitsu_Cards_full_8.png,False
8,9,CONSTRUCTION WORKER,Fire,2,"""It's amazing what you can do with a plain old drill,"" notes a worker on a job site near the coast. ""I've seen some nice red ones, but I like my trusty yellow drill. It does just the trick.""",1,./data/images/cards/Card-Jitsu_Cards_full_9.png,False
9,10,JET PACK ADVENTURE,Fire,5,"""I love going on adventures with my jet pack. I can almost navigate through the entire course without getting a single coin,"" boasts the proud pilot. ""It's not too easy, though...""",1,./data/images/cards/Card-Jitsu_Cards_full_10.png,False
10,11,GIFT SHOP,Snow,3,"""I come in at least twice a week, I'd say,"" concludes the shopping penguin, decked out in the latest styles. ""The diva glasses and The Sidetied wig are must haves.""",1,./data/images/cards/Card-Jitsu_Cards_full_11.png,False
11,12,HIKING IN THE FOREST,Snow,2,"""It's the perfect day for a hike in the Forest,"" says the penguin, holding her backpack on her shoulders. ""Keeping active is really important, plus I love the great outdoors!""",1,./data/images/cards/Card-Jitsu_Cards_full_12.png,False
12,13,RESCUE SQUAD,Snow,5,"""When you've got a penguin who's stuck in the snow / Just tell 'em exactly where to go / To the Rescue Squad on top of the hill / We know how to help and ya know we will!""",1,./data/images/cards/Card-Jitsu_Cards_full_13.png,False
13,14,PET SHOP,Snow,3,"""This here is the puffle area, You'll be responsible for caring for these little critters,"" explains the Pet Shop owner. ""The black one over there is a bit of a firecracker.""",1,./data/images/cards/Card-Jitsu_Cards_full_14.png,False
14,15,SKI VILLAGE,Snow,4,"""I usually start a tour here at the Ski Village because it's so close to my tour booth,"" explains a tour guide. It's a great place to build a group of tourists, too.""",1,./data/images/cards/Card-Jitsu_Cards_full_15.png,False
15,16,ICE HOCKEY,Snow,8,"It's the day of the big game at the Sports Party as Team Red and Blue square off head-to-head. ""This time the trophy belongs to Red!"" shouts the challenger as the puck drops.",1,./data/images/cards/Card-Jitsu_Cards_full_16.png,False
16,17,SKI HILL,Snow,2,"""This must be the place she was talking about with all the sledding penguins,"" says the red penguin. ""Now what on earth is that pointy thing up there for?""",1,./data/images/cards/Card-Jitsu_Cards_full_17.png,False
17,18,SNOWBALL FIGHT,Snow,6,"""Here comes a long one!"" one penguin shouts. ""Yikes! That was close!"" shrieks the other penguin. ""Guess I'm better with water balloons...""",1,./data/images/cards/Card-Jitsu_Cards_full_18.png,False
18,19,SNOW FORTS,Snow,2,"""I'm practicing my snowball pitch. I pretend this is the pitcher's mound, then wind up and let it fly. The Snow Forts are the perfect place to test out your pitching arm.",1,./data/images/cards/Card-Jitsu_Cards_full_19.png,False
19,20,SOCCER,Snow,7,"""Okay, look. Let's get this straight. I know some penguins out west call it a soccer ball, but it's football. Now that you understand the game, ready to try and score a goal?""",1,./data/images/cards/Card-Jitsu_Cards_full_20.png,False
20,21,BEACH,Water,3,"""I remember when the Beach opened as though it was yesterday,"" replies one island veteran. ""We threw a big barbecue with the fish we caught. Ahhh... those were golden days...""",1,./data/images/cards/Card-Jitsu_Cards_full_21.png,False
21,22,FOOTBALL,Water,5,"""10... 24... 5... hut!"" shouts the quarterback as he makes a run for it across the field, racing for the 10-yard line. ""Team Red's not gonna win it this time,"" he thinks as he's running...",1,./data/images/cards/Card-Jitsu_Cards_full_22.png,False
22,23,BASEBALL,Water,2,"""BATTER UP!"" shouts the umpire as Team Red's pitcher readies the first throw of the big ball game. ""This one's for the Blue Team!"" shouts the batter as the ball flies towards the plate...",1,./data/images/cards/Card-Jitsu_Cards_full_23.png,False
23,24,EMERALD PRINCESS,Water,8,"""Welcome to my beautiful enchanted castle!"" beams the sparkly princess penguin. ""I'm looking for my wand, which I seem to have misplaced. Could you help me look for it?""",1,./data/images/cards/Card-Jitsu_Cards_full_24.png,False
24,25,BEAN COUNTERS,Water,3,"""Why do they insist on delivering more fish?!"" exclaims the employee catching the order from the delivery truck. ""Is it just me or are there more fish than java bags here?""",1,./data/images/cards/Card-Jitsu_Cards_full_25.png,False
25,26,MANHOLE COVER,Water,4,"""When you lift this manhole cover up, you'll see that it leads down to the pool,"" explains the Tour Guide. ""And since we're not using out maps right now, shall we continue?""",1,./data/images/cards/Card-Jitsu_Cards_full_26.png,False
26,27,NEWSPAPER ARCHIVES,Water,6,"""Sometimes I don't get a chance to read the newspaper, so I catch up with the past issues in the Boiler Room,"" says the lime green penguin. ""I don't want to miss any comics!""",1,./data/images/cards/Card-Jitsu_Cards_full_27.png,False
27,28,UNDERGROUND POOL,Water,2,"""Hey, do you remember when there wasn't a pool in here?"" asks one of the penguins. ""I remember a party where we were dancing on the ground in this very spot!""",1,./data/images/cards/Card-Jitsu_Cards_full_28.png,False
28,29,SCUBA DIVING,Water,7,"""While Rockhopper travels at seas to find treasures, I prefer to search at home,"" the diver explains. ""See! Check it out! A coral crown thing! Diving totally rules.""",1,./data/images/cards/Card-Jitsu_Cards_full_29.png,False
29,30,ICE FISHING,Water,2,"""I think the last time I was here, I caught about 10 fish,"" he replies. ""I'm not in a rush when I go fishing. To me, it's about fun, not finance. If I need coins, I help at the Pet Shop.""",1,./data/images/cards/Card-Jitsu_Cards_full_30.png,False
30,31,CASE OF THE MISSING COINS,Fire,2,"""You totally saved my feathers there,"" sighs the relieved rookie agent. ""I thought I was never going to get back into the vault after I closed the door! Oops, I guess!""",1,./data/images/cards/Card-Jitsu_Cards_full_31.png,False
31,32,CRATES AND BOXES,Fire,5,"""EVERYONE MAKE WAY FOR BOXMAN!"" shouts the penguin in the superhero mask. ""I shall put all evildoers into my superboxes for shipment to 'No More Bad Guys Land'!""",1,./data/images/cards/Card-Jitsu_Cards_full_32.png,False
32,33,ANVIL SMITH,Fire,4,"The residents of Club Penguin appreciate a good anvil – that's why so many are sent to the Coffee Shop every day. ""I'd say I make about 30 on a good day,"" replies one anvil smith.",1,./data/images/cards/Card-Jitsu_Cards_full_33.png,False
33,34,HALLOWEEN,Fire,6,"""Check it out! I'm a ghost bunny professor!"" explains the orange penguin. ""I want to have the coolest costume for this solar eclipse party at my buddy's igloo. Do you think I'll win?""",1,./data/images/cards/Card-Jitsu_Cards_full_34.png,False
34,35,KNIGHT,Fire,3,"""Let's pretend to be knights and princesses. I'll be the Knight of Light and you can be the Princess of Power,"" says the green penguin. ""Oh no! Here comes a dragon...""",1,./data/images/cards/Card-Jitsu_Cards_full_35.png,False
35,36,BLACK PUFFLE,Fire,5,"""Turbo is my black puffle. It rolls its eyes a lot,"" replies the penguin as he feeds his pet a flipper full of Puffle O's. ""It really gets fired up when I take it out for a walk.""",1,./data/images/cards/Card-Jitsu_Cards_full_36.png,False
36,37,MEDIEVAL PARTY,Fire,4,"""For this event we collaborated with Penguin Style's fashion designers to make an epic party,"" says one planner, dressed in a knight's garb. ""I still wear my party clothes today.""",1,./data/images/cards/Card-Jitsu_Cards_full_37.png,False
37,38,BLUE PUFFLE,Snow,2,"""As an employee, I value the blue puffles,"" replies the staff member. ""They are loyal, easy to take care of, and fun to play ball with. You can't go wrong with a blue puffle.""",1,./data/images/cards/Card-Jitsu_Cards_full_38.png,False
38,39,PINK PUFFLE,Snow,5,"""This is my pink puffle, Cutie! I named it that because I think its eyes are sooo adorable,"" continues the ballet dancer. ""Plus it matches my outfit!""",1,./data/images/cards/Card-Jitsu_Cards_full_39.png,False
39,40,GREEN PUFFLE,Snow,4,"""My puffle Greenie is the silliest puffle I've ever met, which is why we get along so well,"" she giggles. ""I love it when it plays on its unicycle – it's so funny!""",1,./data/images/cards/Card-Jitsu_Cards_full_40.png,False
40,41,PUFFLE FURNITURE,Snow,6,"""No igloo would be complete without accessories for your cute little puffle pets,"" the decorator explains. ""Puffles love having furniture just as much as penguins!""",1,./data/images/cards/Card-Jitsu_Cards_full_41.png,False
41,42,PURPLE PUFFLE,Snow,3,"""Oh! Look at that one over there blowing bubbles! That one is sooo cute – it should be my pet,"" she exclaims. ""I'll name it Princess Purple because I love princesses and purple!""",1,./data/images/cards/Card-Jitsu_Cards_full_42.png,False
42,43,RED PUFFLE,Snow,5,"""This is my sidekick on my adventures. I named it Fireball because it's so fast when it goes flying out of its cannon like whoooosh! Look, it's going again!""",1,./data/images/cards/Card-Jitsu_Cards_full_43.png,False
43,44,YELLOW PUFFLE,Snow,4,"""I knew I wanted a yellow puffle from the moment I saw it in the Forest at Halloween,"" she replies. ""My puffle Lemon likes to paint just like I do.""",1,./data/images/cards/Card-Jitsu_Cards_full_44.png,False
44,45,SUMMER PARTY[1],Water,2,"""The Summer Party sticks out the most in my mind as the one to beat,"" proclaims one penguin. ""You can't top great buddies acting crazy and having fun.""",1,./data/images/cards/Card-Jitsu_Cards_full_45.png,False
45,46,GRAY FISH,Water,4,"""You ain't gonna get a bite without the Flashing Lure, sonny,"" the experienced brown fisherman explains. ""Them gray ones are only attracted to real bright light.""",1,./data/images/cards/Card-Jitsu_Cards_full_46.png,False
46,47,O BERRY,Water,6,"""These berries grow on shrubs in the forest clearing,"" explains our nature guide. ""Puffles love to eat them because of their tart sweetness.""",1,./data/images/cards/Card-Jitsu_Cards_full_47.png,False
47,48,LIFE RING,Water,3,"""Having a life ring handy is really important to us,"" the lifeguard continues as she keeps watch over the Pool. ""Hey, that crab is knocking on the glass over there!""",1,./data/images/cards/Card-Jitsu_Cards_full_48.png,False
48,49,JOLLY ROGER FLAG,Water,5,"""Arrr, this be the black flag atop me ship,"" growls Rockhopper as we tour the Migrator. ""I be liking to name things, so I be callin' this one the Jolly Roger.""",1,./data/images/cards/Card-Jitsu_Cards_full_49.png,False
49,50,COINS,Water,5,"""Coins are the widely accepted monetary system around the island,"" explains the scholarly account penguin. ""That means penguins use them to buy stuff.""",1,./data/images/cards/Card-Jitsu_Cards_full_50.png,False
50,51,GARY THE GADGET GUY,Fire,6,"""I have been conducting research on the combustion of hydrogen and oxygen,"" Gary continues. ""Jet pack fuel is important on the island as it allows penguins to adventure.""",1,./data/images/cards/Card-Jitsu_Cards_full_51.png,False
51,52,BUOYS,Fire,5,"""I'm trying to find the elusive Boo-Eee #4,"" replies the penguin sleuth. ""They're hidden all over, and I think they're supposed to protect the island from bad weather or something.""",1,./data/images/cards/Card-Jitsu_Cards_full_52.png,False
52,53,YARR,Fire,4,"""Me beloved best buddy Yarr has been by me side e'er since we met on Rockhopper Island,"" the burly captain replies. ""It be a loyal friend, keepin' watch me Crow's Nest.""",1,./data/images/cards/Card-Jitsu_Cards_full_53.png,False
53,54,KLUTZY,Fire,8,"Klutzy: ""CLICK CLICK CLICK.""
Crab Translator 3000: ""I'm hungry.""
Klutzy: ""CLA-CLICKA-CLICK CLICK-CLICK.""
Crab Translator 3000: ""I'm still hungry.""",1,./data/images/cards/Card-Jitsu_Cards_full_54.png,False
54,55,HERBERT P. BEAR,Fire,3,"""Why hello there, penguin. It is I, Herbert P. Bear, Esquire. Aren't you fortunate to have discovered my magnificent card. I am confident that you will treasure this picture.""",1,./data/images/cards/Card-Jitsu_Cards_full_55.png,False
55,56,HOT SAUCE,Fire,7,"""It is I, the alien Dojo master, hai ya! I will reveal to you the hidden ingredient of my pizza masterpieces... the amazing Hot Sauce – guaranteed to spice up any dish!""",1,./data/images/cards/Card-Jitsu_Cards_full_56.png,False
56,57,SNOW CASTLE,Snow,6,"""I think it took like a day and a half to make this,"" recalls one snow artist. ""I don't really remember. I just know that we had to test to make sure penguins could walk on it.""",1,./data/images/cards/Card-Jitsu_Cards_full_57.png,False
57,58,AUNT ARCTIC,Snow,7,"""Hello! Aloha! Oi! I am so exhilarated to have my photograph taken for such a prestigious event. This is my desk, where I read the letters I receive and wrestle with writer's block.""",1,./data/images/cards/Card-Jitsu_Cards_full_58.png,False
58,59,CHRISTMAS CAROLS,Snow,4,"""Ooooh eee oooooh!"" sing the carolers as they practice their songs to serenade the town. During the holidays, the trees are trimmed with fresh snow and holiday cheer echoes throughout the island.",1,./data/images/cards/Card-Jitsu_Cards_full_59.png,False
59,60,BETA PARTY,Snow,8,"""We didn't have many decorations then – just a simple banner,"" explains a penguin wearing a party hat. ""But we wanted to celebrate our hard work somehow, and penguins love a good party!""",1,./data/images/cards/Card-Jitsu_Cards_full_60.png,False
60,61,HIDDEN ITEMS,Snow,6,"""I found the hidden viking helmet!"" he says, leafing through the latest issue of Penguin Style. ""I'm totally going to add this to my pirate policeman outfit. What do you think?""",1,./data/images/cards/Card-Jitsu_Cards_full_61.png,False
61,62,SECRET AGENT,Snow,3,"""One rule we have about being a secret agent is that you don't talk about secret agents,"" says the tight-billed penguin in the suit. ""No other comments at this time.""",1,./data/images/cards/Card-Jitsu_Cards_full_62.png,False
62,63,SNOW SHOVEL,Snow,5,"""I never go anywhere without my trusty shovel. I know a lot of penguins prefer their drills, but I get a sense of reward using my shovel to move the snow around.""",1,./data/images/cards/Card-Jitsu_Cards_full_63.png,False
63,64,THE MIGRATOR,Water,6,"""Arrr mateys! Ye be gazin' at me good ship, the Migrator! It be a mighty ship of vim and vigor that has lasted many tumbles,"" replies Rockhopper. ""Nary a better boat there be.""",1,./data/images/cards/Card-Jitsu_Cards_full_64.png,False
64,65,CAPTAIN ROCKHOPPER,Water,5,"""Arrr... ye be gazin' at me glorious card. Ahhhh, a sight for sore eyes this fantastic photo be. It be remindin' me of many voyages across the seas with treasures seized!""",1,./data/images/cards/Card-Jitsu_Cards_full_65.png,False
65,66,ICE CREAM,Water,4,"""There I am eating ice cream at the Beach again!"" exclaims the penguin as she gets her beach towel ready. ""Yes, it's true, ice cream and the Beach are a great pair.""",1,./data/images/cards/Card-Jitsu_Cards_full_66.png,False
66,67,MULLET,Water,8,"""Penguins from far and wide come to this ice fishing hole to see if they can catch this legendary big fish. Someone told me I need bigger bait though, so I brought a pizza.""",1,./data/images/cards/Card-Jitsu_Cards_full_67.png,False
67,68,UNDERGROUND FLOOD,Water,3,"""Oh no! That crab over there tapped the glass and now there's a leak and there's water pouring out and there's going to be water everywhere what are we going to do now!?""",1,./data/images/cards/Card-Jitsu_Cards_full_68.png,False
68,69,FLUFFY THE FISH,Water,4,"""Here fishy fishy fishy!"" calls the red penguin. ""I don't think Fluffy has ears,"" his friend replies. ""Neither do we, but I can hear you..."" ""Hmmm. Guess you've got a point there.""",1,./data/images/cards/Card-Jitsu_Cards_full_69.png,False
69,70,SHARK,Water,7,"""I know there's a big fish down there, but I don't think it's that one with the great big mean teeth and shark fin on top,"" the rookie fisherman says. ""That's not Mullet, is it?""",1,./data/images/cards/Card-Jitsu_Cards_full_70.png,False
70,98,BLAST,Fire,8,"""Dude. Soooo love the shades. They make me even stronger and more silent. Maybe later we can hang out and I'll eat a Puffle O to entertain 'ya.""",2,./data/images/cards/Card-Jitsu_Cards_full_98.png,False
71,99,FLARE,Fire,7,"""You think this is fast? You should see how I move when I get shot from a cannon! It's a riot! And I think, actually, it increases happiness.""",2,./data/images/cards/Card-Jitsu_Cards_full_99.png,False
72,100,CHIRP,Snow,6,"""Paints, creativity, and music,"" Chirp replies with whimsy. ""Mix those together and you got a masterpiece, my friends, a masterpiece!""",2,./data/images/cards/Card-Jitsu_Cards_full_100.png,False
73,101,POP,Water,5,"""I love bubbles! They're beautiful to blow. Bouncy. Breathtaking. Transparent perfection, I say!""",2,./data/images/cards/Card-Jitsu_Cards_full_101.png,False
74,102,LOOP,Fire,7,"""Hmm... I wonder if my lasso would work the same under water. I mean, it'd be super cool to see if I could round up some pearls, wouldn't it?",2,./data/images/cards/Card-Jitsu_Cards_full_102.png,False
75,103,FLIT,Snow,6,"""Um, nope! Can't touch this propeller hat,"" Flit laughs loudly. ""It takes tons of practice... Even I need it! Recall Christmas 2008 when I got stuck sideways in a tree?!""",2,./data/images/cards/Card-Jitsu_Cards_full_103.png,False
76,104,BOUNCER,Water,5,"""It's so cool to bounce around like my ball,"" he declares. ""By the way... it rolled under a ginormous pile of snow and though I'm small, round and can roll, I'm a bit too puffy. Can you help?""",2,./data/images/cards/Card-Jitsu_Cards_full_104.png,False
77,105,ED MCCOOL AND DESTRUCTO,Fire,4,"""Dear Gary, met two very talented puffles on an important PSA mission today. Will have to keep a look out for them in the future. They may be useful someday...""",2,./data/images/cards/Card-Jitsu_Cards_full_105.png,False
78,106,NIBLET,Water,2,"""From this snowman emerges the almighty Niblet, the might green puffle! He's been trying to become a white puffle by hiding in the snow.""",2,./data/images/cards/Card-Jitsu_Cards_full_106.png,False
79,107,SNOWY NIGHT,Snow,3,Penguins and puffles never get tired of the snow falling in Club Penguin. Best friends like to take some timeout from their busy life to watch it fall together.,2,./data/images/cards/Card-Jitsu_Cards_full_107.png,False
80,108,PUFFLES ON THE LOOSE,Fire,4,"Sometimes rounding up puffles feels a little like chasing a rainbow. Lots of colors, but the closer you get the farther away it seems.",2,./data/images/cards/Card-Jitsu_Cards_full_108.png,False
81,109,CADENCE AND THE KEEPER,Water,3,"""Yeah, this little green guy is an epic win,"" Cadence grinned. ""He's got all the right moves. He usually knows where the party's at. He's definitely a Keeper, lolz!""",2,./data/images/cards/Card-Jitsu_Cards_full_109.png,False
82,110,GOLDEN PUFFLE,Snow,2,"Such a popular myth, they made a Stage play about it. Does this puffle really live under the 'berg?",2,./data/images/cards/Card-Jitsu_Cards_full_110.png,False
83,111,METEOR PUFFLE,Fire,5,"Swoosh, the mysterious meteor puffle flies through the air with the greatest of ease...",2,./data/images/cards/Card-Jitsu_Cards_full_111.png,False
84,112,RAINBOW PUFFLE,Water,4,"A multi-colored legend, or just a creative little yellow puffle who has been playing with paint?",2,./data/images/cards/Card-Jitsu_Cards_full_112.png,False
85,113,ABOMINABLE SNOW PUFFLE,Snow,3,"""I'm telling ya, it was huge! Twice the size of a penguin and it had claws like a crab. I was shaking in my snow boots!""",2,./data/images/cards/Card-Jitsu_Cards_full_113.png,False
86,201,Club Penguin Times,Fire,2,"""Extra! Extra! Every Thursday the Club Penguin Times delivers the latest scoop on everything that's happening on the island. From fun art to stories to games, there's something new every week!""",3,./data/images/cards/Card-Jitsu_Cards_full_201.png,False
87,202,Can of Worms,Fire,3,Anyone who's planning to go ice fishing behind the Ski Lodge needs a can of worms. Having this squirmy bait ready is the first step to catching a fishy treat.,3,./data/images/cards/Card-Jitsu_Cards_full_202.png,False
88,203,Winter Fiesta Party,Fire,4,"""I was at the first Winter Fiesta way back in 2007,"" she explained. ""I missed the one in 2008, so I was totally stoked to see it again in 2009!",3,./data/images/cards/Card-Jitsu_Cards_full_203.png,False
89,204,Invisible Ninja Suit,Fire,5,"""The Invisibility Suit is one of the tools of the ninja. Available only from the Martial Artworks store, it allows ninja to vanish into the shadows. Useful AND cool.""",3,./data/images/cards/Card-Jitsu_Cards_full_204.png,False
90,205,Penguin Mail,Fire,6,"Through rain, sleet, and snow, the Penguin Mail will always get through. But mostly through snow... and actually they've never seen rain, but still.",3,./data/images/cards/Card-Jitsu_Cards_full_205.png,False
91,206,Bumble Bee,Fire,6,"""This is my favorite Halloween costume, the Bumble Bee! I picked this one up last year when they were on sale at the Gift Shop.""",3,./data/images/cards/Card-Jitsu_Cards_full_206.png,False
92,207,Pizzatron 3000,Fire,7,Making pizzas in the Pizza Parlor can be tricky. Chefs need a steady hand and concentration of steel to prepare pizza pies perfectly for all their hungry costumers!,3,./data/images/cards/Card-Jitsu_Cards_full_207.png,False
93,208,Card-Jitsu,Fire,8,"To become a ninja, one must first learn to master the elements. It all begins with Card-Jitsu, and this card you hold in your hand. Proceed to the Dojo, and take your first step on a legendary path...",3,./data/images/cards/Card-Jitsu_Cards_full_208.png,False
94,209,Adopt-A-Puffle,Snow,4,Puffles are the cute little furballs you see penguins waddling around with next to them. You can even take them into games like Aqua Grabber! Drop by the Pet Shop in the Plaza to adopt one of your very own.,3,./data/images/cards/Card-Jitsu_Cards_full_209.png,False
95,210,Rock & Roll Suit,Snow,4,"This trendy outfit is popular for its sparkle and ""pizzazz!"" It was first released in the Gift Shop, just before Music Jam '08, one of the biggest parties of the year.",3,./data/images/cards/Card-Jitsu_Cards_full_210.png,False
96,211,Construction,Snow,5,"""There's construction going on all over the place in Club Penguin all the time. Penguins on the island love to build and create, so construction is a pretty popular job around here!",3,./data/images/cards/Card-Jitsu_Cards_full_211.png,False
97,212,Hidden Pins,Snow,6,"""These charming, limited edition collector's items are a must have for any treasure hunter... a brand new one is hidden every two weeks somewhere on the island!""",3,./data/images/cards/Card-Jitsu_Cards_full_212.png,False
98,213,Treasure Hunt Game,Snow,7,"""Rockhopper's Treasure Hunt game is kinda rare. You can only play it when his ship, the Migrator, is docked on the Beach. Remember, you need his key from that book to get into the Quarters on the ship.",3,./data/images/cards/Card-Jitsu_Cards_full_213.png,False
99,214,DJ3K,Snow,8,"DJ3K at the Night Club is a music-makin' penguin's favorite game. ""It's simple, yo. Just start pushin' buttons and the groove kicks in. Every good beat needs a little cowbell, so I like to mix that into my sets.""",3,./data/images/cards/Card-Jitsu_Cards_full_214.png,False
100,215,Surf Boards,Water,2,"""The only thing you need to 'catch some waves' down at the Cove; penguins can borrow a board or buy their own at the Surf Shack. Then they just need to catch a 'gnarly' wave and 'hang ten!'""",3,./data/images/cards/Card-Jitsu_Cards_full_215.png,False
101,216,Beach Chair Chilling,Water,3,"""Chilling out"" at the Beach is even easier when the beach is made of snow. Sun glasses are optional, but you add that touch of ""cool"" while you ""chill.""",3,./data/images/cards/Card-Jitsu_Cards_full_216.png,False
102,217,Telescope,Water,4,"""If you look through the telescope at the Beacon, you can see all the way out to sea. It's a good place to keep a close eye out for Rockhopper.""",3,./data/images/cards/Card-Jitsu_Cards_full_217.png,False
103,218,Fish Costume,Water,4,"""Don't give me that look..."" said the penguin. ""It's just a costume. I'm trying to get a part in a play at the Stage, and I need expert advice. Now are you going to help me or not?""",3,./data/images/cards/Card-Jitsu_Cards_full_218.png,False
104,219,Crow's Nest,Water,5,"Yarr's favorite place on the Migrator is up in the Crow's Net. You can see for miles, and take out any rogue icebergs with the ship's snowball cannon.",3,./data/images/cards/Card-Jitsu_Cards_full_219.png,False
105,220,The Cove,Water,6,"""Other penguins like to come to the Cove to surf, but I just love to gaze out at the water. I was the first one to spot a huge storm one time through the binoculars! The ocean can tell you a lot.""",3,./data/images/cards/Card-Jitsu_Cards_full_220.png,False
106,221,Captain's Quarters,Water,6,"""Rockhopper used to keep his quarters locked,"" the tour guide says. ""But now you just need to find his key to get in...""",3,./data/images/cards/Card-Jitsu_Cards_full_221.png,False
107,222,Iceberg,Water,8,"""If we tipped this over, what do you think we'd find on the other side?"" one penguin inquires. ""It's the biggest mystery of all,"" they replied. ""We've got to find a way to tip it.",3,./data/images/cards/Card-Jitsu_Cards_full_222.png,False
108,223,The Lounge,Fire,3,"The Lounge is located upstairs from the Night Club, and it's the perfect place to ""chill"" and play arcade games. Can you master the tricky ""Thin Ice"" or pilot the ""Astro Barrier"" to victory?",3,./data/images/cards/Card-Jitsu_Cards_full_223.png,False
109,224,Rockhopper's Key,Fire,4,"""Arr! Ye be needin' this special key to get into me Captain's Quarters on me good ship the Migrator!"" Rockhopper chuckled. ""I hid it somewhere on the island. Ye might want to ""book"" some time to find it...""",3,./data/images/cards/Card-Jitsu_Cards_full_224.png,False
110,225,Penguins That Time Forgot[2],Fire,5,"""Dinosaurs, lava, time-traveling... this was one of my favorite plays,"" she explained. ""Watch this, I'll be a cave penguin... 'GRUB! FIRE ROAST MARSHMALLOW!'""",3,./data/images/cards/Card-Jitsu_Cards_full_225.png,False
111,226,Team Blue Rally,Fire,6,"Rallying at the Stage for epic competitions, the Red Team and Blue Team wrote another chapter of their rivalry with the introduction of their moose mascots.",3,./data/images/cards/Card-Jitsu_Cards_full_226.png,False
112,227,Jet Pack Adventure,Fire,7,"""For those looking to experience the thrill of flying, look no further than Jet Pack Adventure,"" said the Tour Guide. ""Just head to the top of the Lighthouse, strap on a pack, and take off! Parachutes provided!""",3,./data/images/cards/Card-Jitsu_Cards_full_227.png,False
113,228,Ruby and the Ruby,Snow,2,"""See, here's the shimmy – this classy lady named Ruby had lost her ruby. A victim of poetic irony, I know. She needed my help, and she needed it fast..."" -Jacques Hammer",3,./data/images/cards/Card-Jitsu_Cards_full_228.png,False
114,229,Snowball Fight,Snow,3,"Snowballs can be used for all types of purposes, from snowball fights to tennis matches. ""I like to throw rapid-fire by hitting 'T' on my keyboard constantly. TURBO THROW!""",3,./data/images/cards/Card-Jitsu_Cards_full_229.png,False
115,230,Snowball Press,Snow,5,"""The Snowball Press publishes all the great books Club Penguin has to offer, like Rockhopper's Journal and Penguin Tales. Check 'em out in the room above the Coffee Shop. Remember: every word counts!""",3,./data/images/cards/Card-Jitsu_Cards_full_230.png,False
116,231,Music Jam,Snow,6,"""I love a good music festival,"" he responded. ""Music Jam 2008 was probably my favorite party. I finally got to meet Penguin Band, and DJ3K came out for the first time!""",3,./data/images/cards/Card-Jitsu_Cards_full_231.png,False
117,232,Puffle Chew-Chew,Snow,7,"""My black puffle just loves the scratching post I bought him from the Pet Shop. But I can't figure out why he keeps trying to eat it! Maybe I need to feed him some Puffle O's.""",3,./data/images/cards/Card-Jitsu_Cards_full_232.png,False
118,233,Fairy Fables,Water,2,"""My fave play's definitely Fairy Fables, cuz it's got the Big Bad Wool costume in it. I wear the sheep costume and my buddy dresses up like the prince from the story and we make up our own plays in the Forest.""",3,./data/images/cards/Card-Jitsu_Cards_full_233.png,False
119,234,Jelly Fish,Water,3,These rare Antarctic jelly fish can produce a small electric charge that can make for a 'shocking' experience for Ice Fishing experts who may snag one on their line.,3,./data/images/cards/Card-Jitsu_Cards_full_234.png,False
120,235,Pirate,Water,4,"""Arr! Only the bravest penguins join me pirate crew!"" says Rockhopper. ""Smartly now, sailors – where be yer sea flippers?""",3,./data/images/cards/Card-Jitsu_Cards_full_235.png,False
121,236,Fish Bait,Water,5,"The fish around Club Penguin won't just up and eat and old bait. In fact, each kind of fish has their own favorite food. Fishing experts recommend trying different types of bait for best results.",3,./data/images/cards/Card-Jitsu_Cards_full_236.png,False
122,237,Hydro Hopper,Water,7,"""Catchin' a ride on the ol' Hydro Hopper at the Dock is sweet,"" the Tour Guide explained. ""Catching air and sailing over obstacles is not only fun, but will earn you extra coins. Come on, give it a try!""",3,./data/images/cards/Card-Jitsu_Cards_full_237.png,False
123,238,Puffle O's,Water,7,"""Though puffles enjoy cookies, and a stick of gum now and then, their favorite food is Puffle O's, without a doubt,"" said the Puffle Handler. ""Make sure not to overfeed them though, because they might get a tummy ache.""",3,./data/images/cards/Card-Jitsu_Cards_full_238.png,False
124,239,Fall Fair Games,Fire,4,"""Once a year the Fall Fair comes to Club Penguin with a whole bunch of special games,"" said the Tour Guide. ""These games award tickets you can trade for sweet prizes. And I mean 'sweet.' Their cotton candy is delicious!""",3,./data/images/cards/Card-Jitsu_Cards_full_239.png,False
125,240,Thinga-ma-jig 3000,Fire,5,"""Oh, you've heard of the Thing-ma-jig 3000?"" Gary asked. ""Oh yes, it's quite a clever little device, but it's hidden away in my Gadget Room. It's so well hidden in that you'd have to be some kind of secret agent to find it.""",3,./data/images/cards/Card-Jitsu_Cards_full_240.png,False
126,241,Rad Scientist,Snow,3,"This unique Halloween costume first appeared in October 2008, when Gary the Gadget Guy was working on the Monster Maker 3000 invention in his secret lab. ""Spookalicious!""",3,./data/images/cards/Card-Jitsu_Cards_full_241.png,False
127,242,Quip and Qua,Snow,5,"""Truly we are the most bizarre costumes that can be purchased from the Stage..."" scoffed Qua. ""I don't know..."" answered Quip. ""I saw a squid monster with a sheep face walking around."" ""Well,"" replies Qua, ""other than that guy...""",3,./data/images/cards/Card-Jitsu_Cards_full_242.png,False
128,243,Twee,Snow,6,"The fairy storyteller from the Fairy Fables play at the Stage. Twee loves to mix things up to keep it fresh – from colors to stories, things are never quite ordinary in her library!",3,./data/images/cards/Card-Jitsu_Cards_full_243.png,False
129,244,Coins For Change,Snow,8,"""They say it's better to give than to receive and that's totally tree with Coins for Change. There's always amazing amounts of generosity when penguins decide to change the world! Waddle around and make difference!""",3,./data/images/cards/Card-Jitsu_Cards_full_244.png,False
130,245,Surfing with the Sharks,Water,5,"""And I was like, woah, it's a shark! And it was like 'RAH!' and then I was like whoa, it's a shark! And you shoulda seen it man. I mean, it was huge – it was mahoosive!""",3,./data/images/cards/Card-Jitsu_Cards_full_245.png,False
131,246,Dance Contest,Water,6,"""Any penguin brave enough to stand up, talk the talk, walk the walk, and bust out their icy best moves is an epic win here in the Dance Club.""",3,./data/images/cards/Card-Jitsu_Cards_full_246.png,False
132,247,Purple Octopus,Water,7,"""What's wackier than an octopus showing up in the middle of a party? Nothing! That's epic wacky! This inflatable octopus tends to show up at the strangest of times, so keep your eyes open for other appearances!""",3,./data/images/cards/Card-Jitsu_Cards_full_247.png,False
133,248,Giant Squid,Water,8,"""I'm telling you, the Squid is totally real. I was deep below the Iceberg in the Aqua Grabber one day when it went zipping past me going 'EAAAUUUUURGGGGH!'. We need to find it!""",3,./data/images/cards/Card-Jitsu_Cards_full_248.png,False
134,301,Camera,Fire,2,"This item is sometimes found in the Costume Trunk at the Stage. Once you have a camera, wave to snap award-winning photos all over the island.",4,./data/images/cards/Card-Jitsu_Cards_full_301.png,False
135,302,Wigs,Fire,3,All wigs can be found in Penguin Style catalog in the Gift Shop. Every penguin should have one – from punk to surfer – they really complete an outfit!,4,./data/images/cards/Card-Jitsu_Cards_full_302.png,False
136,303,Pizza Parlor,Fire,4,Be a chef! Make pizzas in the Pizzatron 3000 game in the kitchen. Put on your red apron and dance to serve customers in the restaurant.,4,./data/images/cards/Card-Jitsu_Cards_full_303.png,False
137,304,Coffee Machine,Fire,5,Secret Agents will find this machine in the Coffee Shop during the Secret of the Fur mission. It will help you save the island.,4,./data/images/cards/Card-Jitsu_Cards_full_304.png,False
138,305,Costume Trunk,Fire,6,"You'll find this at the Stage – and it's never empty! Open it and choose an outfit. You could be a brave explorer, a scientist, a lobster, a hero, a time traveler... anything you want![3]",4,./data/images/cards/Card-Jitsu_Cards_full_305.png,False
139,306,Pet Shop Staff,Fire,6,"The employees in the Pet shop love looking after puffles! With the orange apron on, you can dance to serve them food. Look for it from time to time in Penguin Style.",4,./data/images/cards/Card-Jitsu_Cards_full_306.png,False
140,307,Stompin' Bob,Fire,7,The laid back bass player of Penguin Band. He keeps the beat with bandmate G Billy and loves to play the jazzy stuff.,4,./data/images/cards/Card-Jitsu_Cards_full_307.png,False
141,308,G Billy,Fire,8,The founder of and drummer for Penguin Band. If you ever get the chance to meet him Backstage during Music Jam and be sure to get an autographed background by clicking his player card!,4,./data/images/cards/Card-Jitsu_Cards_full_308.png,False
142,309,Outdoor Igloo,Snow,4,"Penguins with outdoor areas for their igloos can throw amazing parties. Check out Better Igloos for cool furniture, like this BBQ. Oh the gnome? Every party should have one!",4,./data/images/cards/Card-Jitsu_Cards_full_309.png,False
143,310,Ticket Booth,Snow,4,You never know who will sell you a ticket for the latest Stage performance at the Plaza. Sometimes actors man the booth between shows!,4,./data/images/cards/Card-Jitsu_Cards_full_310.png,False
144,311,Ridge Run,Snow,5,"It's the toughest Sled Racing run on the Ski Hill. Up to four penguins can race together, so if you're serious about challenging your buddies, this is the way to do it!",4,./data/images/cards/Card-Jitsu_Cards_full_311.png,False
145,312,Clock Tower,Snow,6,"Ready, set, throw snow! Find this snowball-powered clock in the Snow Forts. Throw snowballs at the target to help keep it powered. Just press T on your keyboard and click the red target!""",4,./data/images/cards/Card-Jitsu_Cards_full_312.png,False
146,313,White Puffles,Snow,7,"First discovered in February '09, these critters are known to be gentle but powerful. Adopt one from the Pet Shop and discover what it can turn to ice with a single breath!",4,./data/images/cards/Card-Jitsu_Cards_full_313.png,False
147,314,Dojo Courtyard,Snow,8,"This is the outside of the Dojo and it was uncovered by penguins in November 2008. To get here, you must use your map.",4,./data/images/cards/Card-Jitsu_Cards_full_314.png,False
148,315,Rocking Horse,Water,2,"This ginormous rocking horse somehow found itself upstairs in the Lodge Attic. To see it for yourself, go to the Ski Village and climb the ladder inside the Ski Lodge.",4,./data/images/cards/Card-Jitsu_Cards_full_315.png,False
149,316,Penguin Style,Water,3,"There's new stuff in this catalog every month! Why not get your friends together in the Gift Shop and check it out? Pick out new outfits, then hold a fashion show in your igloo!",4,./data/images/cards/Card-Jitsu_Cards_full_316.png,False
150,317,Stage Director,Fire,4,"Directors needed! Located in the Plaza, the Stage has new plays every month and always needs actors, stagehands, and even directors to make every performance a success. Grab a costume from the catalog and break a leg!",4,./data/images/cards/Card-Jitsu_Cards_full_317.png,False
151,318,Conductor,Water,4,"This outfit showed up in the Penguin Style during Music Jam. When penguins put it on and danced, they conducted orchestras all over the island.",4,./data/images/cards/Card-Jitsu_Cards_full_318.png,False
152,319,Beacon,Water,5,"From the top of the Lighthouse, you can look through the telescope to see if there's sign of Rockhopper's ship or play the game Jet Pack Adventure.",4,./data/images/cards/Card-Jitsu_Cards_full_319.png,False
153,320,Discovering The Underground,Fire,6,"There's two secret passages to the underground. You'll find this one in the Plaza. To find the other passage, head to the room with the best beats and pay attention to the speaker on the far right.",4,./data/images/cards/Card-Jitsu_Cards_full_320.png,False
154,321,Franky,Water,6,This cool lead guitarist of Penguin Band loves to hang out with other music fans around the island. Find him with his bandmates Backstage during Music Jam and receive an autographed background.,4,./data/images/cards/Card-Jitsu_Cards_full_321.png,False
155,322,Petey K.,Water,8,The talented pianist and accordion player in the Penguin Band. He's always bursting with new song ideas and loves to share them with audiences around the island.,4,./data/images/cards/Card-Jitsu_Cards_full_322.png,False
156,323,Boombox,Fire,3,"Penguins learned a new dance with this item when Cadence showed up with it during a party in the Night Club. If you have the item, wear it and press D on your keyboard and see what you can do!",4,./data/images/cards/Card-Jitsu_Cards_full_323.png,False
157,324,Mild Mannered Reporter,Fire,4,"This character appears in Shadow Guy and Gamma Gal vs. Squidzoid at the Stage. He's a bit of a shy guy, but he's just as important as the ones with the super powers!",4,./data/images/cards/Card-Jitsu_Cards_full_324.png,False
158,325,The Twelfth Fish,Fire,5,"Appearing at the Stage Dec. 2007, this Shakespearean style comedy stared a Bard, a Countess, a Jester and (obviously) a Fish who couldn't stop blubbing. ""BUT NEVER DOUBT I BLUB!""",4,./data/images/cards/Card-Jitsu_Cards_full_325.png,False
159,326,April Fool's Day Party,Fire,6,It's a celebration where things happen that can't happen! Discover the wacky and unexpected with friends across the island at this party – from surprise-filled boxes to new dimensions!,4,./data/images/cards/Card-Jitsu_Cards_full_326.png,False
160,327,Plasma Glow Wave,Fire,7,You can light up the Stage with Gamma Gal's incredible Plasma Glow Wave during every performance of Shadow Guy and Gamma Gal vs. Squidzoid. Wear the costume and wave to activate the special power.,4,./data/images/cards/Card-Jitsu_Cards_full_327.png,False
161,328,Cowbell,Snow,2,"First available at the Music Jam '09 party, this item is still a hit across the island! To join in the fun, press D on your keyboard while wearing the item.",4,./data/images/cards/Card-Jitsu_Cards_full_328.png,False
162,329,O Berry Bush,Snow,3,Puffles love them and it's a good thing too! When they get hungry it's the best meal to recharge their energy. O'Berries grow in the wild and are always in full supply on your puffle's player card.,4,./data/images/cards/Card-Jitsu_Cards_full_329.png,False
163,330,Chester The Time Traveler,Snow,3,"In Penguins that Time Forgot at the Stage, this curious character finds himself on an adventure back in time surrounded by dinosaurs and cave penguins.",4,./data/images/cards/Card-Jitsu_Cards_full_330.png,False
164,331,101 Days of Fun,Snow,5,"There's always a lot to discover around the island and in 2009, for 101 days straight, penguins had fun completing a new activity every day!",4,./data/images/cards/Card-Jitsu_Cards_full_331.png,False
165,332,Color Vote[4],Snow,6,"The 2009 color vote was an epic battle between Lavender, Maroon and Aqua. Penguins voted in the Forest and the winning color was added to the Penguin Style catalog as a new penguin color.",4,./data/images/cards/Card-Jitsu_Cards_full_332.png,False
166,333,Christmas Party,Snow,7,Holiday spirit takes over the island during this party! This is the Photo Booth in the Forest where penguins posed for pictures with Santa.,4,./data/images/cards/Card-Jitsu_Cards_full_333.png,False
167,334,Viking Opera,Water,2,"Be part of this popular Stage show, as a detective, ghost, or even the Viking Opera singer. Put on the Viking wig and dance, following along to the script.",4,./data/images/cards/Card-Jitsu_Cards_full_334.png,False
168,335,Water Balloons,Water,3,"Most penguins have had a snowball fight at the Snow Forts. But at the Water Party, the splat of water balloons replacing the thud of snow. Too cool!",4,./data/images/cards/Card-Jitsu_Cards_full_335.png,False
169,336,Tuba,Water,4,"At the Music Jam '09 party, this item was popular at the Lighthouse stage. When you wore it and danced, you could even hear it playing!",4,./data/images/cards/Card-Jitsu_Cards_full_336.png,False
170,337,Rockhopper's Plants,Water,5,The captain of the Migrator brought these plants to the island in 2009. Penguins put them in their igloos and they started to grow! Every few weeks they change – even to this day!,4,./data/images/cards/Card-Jitsu_Cards_full_337.png,False
171,338,Adventure Party,Water,7,"During this June 2009 party, after Rockhopper's plants took over the island, penguin explorers discovered rare flowers – some that changed colors and others that liked to eat snowballs!",4,./data/images/cards/Card-Jitsu_Cards_full_338.png,False
172,339,Penguin Play Awards,Fire,7,"Penguins called this one of 2009's coolest events. They voted for their favorite stage plays, got to meet Penguin Band and Aunt Arctic, and enjoyed dressing up to receive their own awards!",4,./data/images/cards/Card-Jitsu_Cards_full_339.png,False
173,340,All-Access Pass,Fire,4,"During Music Jam '09 party, this pass got penguins into the Backstage and Night Club Rooftop where they hung out with friends and had a chance to meet Penguin Band and Cadence.",4,./data/images/cards/Card-Jitsu_Cards_full_340.png,False
174,341,Cadence's Autograph,Fire,5,Cadence is a very popular penguin around here! She makes appearances at big events like the Penguin Play Awards. You can meet her and receive an autographed background by clicking her player card.,4,./data/images/cards/Card-Jitsu_Cards_full_341.png,False
175,342,Treasure Book,Snow,5,This book contains the best collection of rare and exclusive items. Look for a code with select toys and enter at clubpenguin.com to gain access to this special catalog.,4,./data/images/cards/Card-Jitsu_Cards_full_342.png,False
176,343,Black Hoodie,Snow,6,"You might spot more than a few penguins wearing this popular item. When it appears in Penguin Style, the Gift Shop always has plenty in stock!",4,./data/images/cards/Card-Jitsu_Cards_full_343.png,False
177,344,Propellor Cap,Snow,8,Penguins flew for the first time when they danced while wearing this item at the 2006 April Fool's Day Party. Penguins aren't the only ones who like these caps though – check out the green puffles!,4,./data/images/cards/Card-Jitsu_Cards_full_344.png,False
178,345,Dessert Pizza,Water,5,One of the island's best kept secrets. Make Dessert Pizza in the Pizza Parlor's Pizzatron 3000 game by clicking on the lever of the machine when you enter the game!,4,./data/images/cards/Card-Jitsu_Cards_full_345.png,False
179,346,Black Electric Guitar,Water,6,"This limited edition instrument is available from the Penguin Style catalog in the Gift Shop from time to time. To play it, put it on and dance. Go solo or join a band!",4,./data/images/cards/Card-Jitsu_Cards_full_346.png,False
180,347,Mastering The Elements,Water,7,Fire. Snow. Water. That's what you'll need to master the Card-Jitsu game. Train with your friends and Sensei at the Dojo to earn belts and become a ninja.,4,./data/images/cards/Card-Jitsu_Cards_full_347.png,False
181,348,Elite Penguin Force,Water,8,"This super-secret agency has one goal: to protect the Club Penguin island. Their base, the Command Room, is hidden near the Ski Village.",4,./data/images/cards/Card-Jitsu_Cards_full_348.png,False
182,71,FLOORING UPGRADE,Fire,9,"""I'm rollin' out some burgundy style,"" says the interior decorator. ""I've got some brand new igloo vibe picked out – a totally awesome empurpled cabin of chic. It's gonna be a partay!""",1,./data/images/cards/Card-Jitsu_Cards_full_71.png,True
183,72,GADGET ROOM,Fire,9,"""This is my Gadget Room where I store the numerous inventions that I have been working on,"" explains Gary. ""Testing is very important.""",1,./data/images/cards/Card-Jitsu_Cards_full_72.png,True
184,73,JACKHAMMER,Fire,10,"""Here, I'll demonstrate how it works. You just put on your hat and start to dance,"" stated the construction penguin. ""I'm not sure how it works. I just know that it does.""",1,./data/images/cards/Card-Jitsu_Cards_full_73.png,True
185,74,JET PACK,Fire,10,"""And this is the Jet Pack, another invention I worked on with a team of scientists,"" Gary continues. ""We initially had a few crash landings, but we've since stabilized the build.""",1,./data/images/cards/Card-Jitsu_Cards_full_74.png,True
186,75,THIN ICE,Fire,11,"""My favorite part of Thin Ice is the music. I want it in my igloo because I like how it goes 'beep-ba-beep-beep'. The black puffle in it looks really funny, too.",1,./data/images/cards/Card-Jitsu_Cards_full_75.png,True
187,76,NIGHT VISION GOGGLES,Fire,11,"""Whoopee! I can see in the dark!"" exclaims the penguin wearing fancy solar-powered black and green goggles. ""Instead of black I can see all green! It's the coolest thing ever!""",1,./data/images/cards/Card-Jitsu_Cards_full_76.png,True
188,77,MIGHTY PLUNGER,Fire,12,"""This is the invention to end all inventions. The Mighty Plunger of Might!"" Says the green penguin. ""With this great invention you will create mighty tremors and mighty rumbles!""",1,./data/images/cards/Card-Jitsu_Cards_full_77.png,True
189,78,DRAGON,Fire,12,"""Hark! Who dost approach my cavern!"" growls a penguin, pretending to be a dragon. ""Wherefore hast though entered mine cave! Make haste or I shall breathest fire!""",1,./data/images/cards/Card-Jitsu_Cards_full_78.png,True
190,79,SPACE ADVENTURE,Snow,9,"""There is something troublesome about the computer after leaving Planet X,"" Captain Snow thinks to himself. ""And Tin Can 3000 has been acting strange lately...""",1,./data/images/cards/Card-Jitsu_Cards_full_79.png,True
191,80,TOUR GUIDE,Snow,9,"""And over here we have the Ski Lodge, My buddy and I usually hang out and play Find Four there,"" the guide continues. ""And if you're interested in sports, have I got the place for you...""",1,./data/images/cards/Card-Jitsu_Cards_full_80.png,True
192,81,SLED RACING,Snow,10,"""I can catch the sweetest air on this tube; it's awesome. I always aim for the ice because I can go so fast afterwards. Here comes another patch of ice... yeahhhhhhhhh!""",1,./data/images/cards/Card-Jitsu_Cards_full_81.png,True
193,82,PUFFLE ROUND-UP,Snow,10,"""Okay, I just need to catch a few more for the Pet Shop. Easy now... steady... steady..."" says the penguin, thinking out loud. ""It takes real concentration to do this!""",1,./data/images/cards/Card-Jitsu_Cards_full_82.png,True
194,83,AC3000,Snow,11,Do you have snow that just isn't cold enough? Then check out Gary's AC3000 – it's guaranteed to keep the snow in any Attic nice and cool.,1,./data/images/cards/Card-Jitsu_Cards_full_83.png,True
195,84,SNOW GLOBE IGLOO,Snow,11,"""Over there is my igloo. I saved up coins for the renovations at Christmas,"" she explains. ""It's empty right now because I'm gearing up to get some new furniture.""",1,./data/images/cards/Card-Jitsu_Cards_full_84.png,True
196,85,SHADOW GUY & GAMMA GAL,Snow,12,"""It looks like Squidzoid's out to eat the city again, Gamma Gal,"" smirks Shadow Guy. ""It must have forgotten about our super powers... Let's show 'em what we're made of!""",1,./data/images/cards/Card-Jitsu_Cards_full_85.png,True
197,86,AVALANCHE,Snow,12,"""I still remember it plain as day. There was this big rumble and all this snow came WOOOSHING down the mountain!"" recalls a witness. ""We couldn't go sledding for like a week!""",1,./data/images/cards/Card-Jitsu_Cards_full_86.png,True
198,87,WATER PARTY[1],Water,9,"""Everyone grab your inflatable whales; it's time to slip, slide and swim!"" shouts the instructor, blowing on her lifeguard whistle. ""Don't forget your water balloons!""",1,./data/images/cards/Card-Jitsu_Cards_full_87.png,True
199,88,CATCHIN' WAVES,Water,9,"""I'm still a bit shaky on this board. I wiped out constantly last time I went out,"" explains a slightly nervous new surfer. ""I don't get how other penguins handle Survival mode!""",1,./data/images/cards/Card-Jitsu_Cards_full_88.png,True
200,89,FIREFIGHTER,Water,10,"""Whew, it's been a really busy day putting out fires at the Cove,"" wheezes the out-of-break firefighter. ""That's why it's important to love what you do.""",1,./data/images/cards/Card-Jitsu_Cards_full_89.png,True
201,90,AQUA GRABBER,Water,10,"""I've taken the Aqua Grabber out on many deep sea salvage missions,"" proclaims the purple penguin. ""My pink puffle helps me find the really rare treasures.""",1,./data/images/cards/Card-Jitsu_Cards_full_90.png,True
202,91,OCTOPUS,Water,11,"The origin of the mythical giant octopus is unknown. ""I remember it like it was last year. All of a sudden, there was a big octopus... like an OCTIZILLA in the Dojo!"" recalls one penguin.",1,./data/images/cards/Card-Jitsu_Cards_full_91.png,True
203,92,CACTUS,Water,11,"""We had to ship these here cacti in from way out west,"" remarks the cowpenguin. ""We hadta be careful with these here spiky things, though – they got a real bite to 'em!""",1,./data/images/cards/Card-Jitsu_Cards_full_92.png,True
204,93,TIPPING THE ICEBERG,Water,12,"""I had this amazing dream. In it I was at the 'berg and when I started drilling, the ice started tipping! Penguins were like 'AAH!' and I was like 'KAZAM!' It was awesome!""",1,./data/images/cards/Card-Jitsu_Cards_full_93.png,True
205,94,NINJA,Water,12,"""To be as the moon amongst the shadows, one must follow the code of honor and loyalty. Each movement must be as precise as a dance. Patience is both rewarded and a reward.""",1,./data/images/cards/Card-Jitsu_Cards_full_94.png,True
206,95,WHITE PUFFLE,Snow,12,A snowflake. A single sheet of blank paper. A white puffle. Small things can sometimes conceal great power.,2,./data/images/cards/Card-Jitsu_Cards_full_95.png,True
207,96,Yarr,Fire,11,"""Avast!"" cries Rockhopper. ""What be them flares me sees on the horizon? What's that ye say, Yarr? Arr, I think it be a message from me buddies at Club Penguin, too.""",2,./data/images/cards/Card-Jitsu_Cards_full_96.png,True
208,97,KEEPER OF THE BOILER ROOM,Water,11,"""Talk about an incredible job,"" the Keeper exclaims in the middle of a bounce. ""Everyday dancing required and a cheerful nature a must...""",2,./data/images/cards/Card-Jitsu_Cards_full_97.png,True
209,249,Penguin Band,Fire,9,"G Billy, Petey K, Stompin' Bob and Franky... these four penguins sure know how to rock it out. They get together whenever a Music Jam party is happening and sign autographs for their devoted fans.",3,./data/images/cards/Card-Jitsu_Cards_full_249.png,True
210,250,Dojo Sketch,Fire,10,"On April Fool's Day, the penguins were startled. But Sensei reassured: ""Pencil Dojo is serene, calm, smart, very cool just like this haiku.",3,./data/images/cards/Card-Jitsu_Cards_full_250.png,True
211,251,Flare Flinger 3000,Fire,11,"""I can't wait for Rockhopper to see how we've restored the Migrator to her former glory,"" commented one penguin as she loaded up the Flare Flinger 3000.",3,./data/images/cards/Card-Jitsu_Cards_full_251.png,True
212,252,Herbert & Klutzy,Fire,12,"""I don't know about you, but I really DIG this drill a HOLE lot! HAHAHA! What do you think Klutzy?"" Click. Click click. ""What do you mean 'bearly'?""",3,./data/images/cards/Card-Jitsu_Cards_full_252.png,True
213,253,Coffee Delivery Truck,Snow,9,"""To the left a bit, no, to the right, aah, watch the fish!"" yells the delivery guy. ""Hey, what's the guy up front doing anyway? And who puts anvils in a delivery truck?""",3,./data/images/cards/Card-Jitsu_Cards_full_253.png,True
214,254,Anniversary Party,Snow,10,"""If there's one thing we know how to do around here, it's partying! One party I rarely miss is Club Penguin's anniversary every October 24. There's cake, balloons, and of course, cool party hats!""",3,./data/images/cards/Card-Jitsu_Cards_full_254.png,True
215,255,Halloween Party,Snow,11,"""Every year, on a dark and spooky night, penguins from all over the island dress up as ghosts, monsters and even bumble bees. Then they go out trick or treating. Halloween is definitely the strangest time of year!""",3,./data/images/cards/Card-Jitsu_Cards_full_255.png,True
216,256,Sensei,Snow,12,"The wisest penguin, knows every journey begins, with a single step. They should also know, that if you speak in haiku, you sound really wise.",3,./data/images/cards/Card-Jitsu_Cards_full_256.png,True
217,257,Jackhammers,Water,9,"""This amazing marvel of penguin mechanics is the tool of choice for construction projects around the island. Just grab a hard hat, and make like you're going to dance. The jackhammer will do the rest.",3,./data/images/cards/Card-Jitsu_Cards_full_257.png,True
218,258,Quest for the Golden Puffle,Water,10,"""Since the beginning of time, penguins have been searching for the legendary Golden Puffle..."" said the Tour Guide. ""There's even a play at the Stage based on this mysterious myth. Is it real? Will we ever find out?""",3,./data/images/cards/Card-Jitsu_Cards_full_258.png,True
219,259,Storm,Water,11,"""AAHH! What if there's a lot of wind?"" ""What if there's extra snow?"" ""What if there sky pours out pounds of candy?!""",3,./data/images/cards/Card-Jitsu_Cards_full_259.png,True
220,260,Rockhopper,Water,12,"""Arr, me hearties! Ahoy! Stand smartly sailors, for you be in the company of the fearless Captain Rockhopper, the best pirate that ever sailed the seven seas. Me and Yarr be hoping to see ye all soon! Arr harr!""",3,./data/images/cards/Card-Jitsu_Cards_full_260.png,True
221,349,Switchbox 3000,Fire,11,"One of Gary the Gadget Guy's inventions, this special FX box is found at the Stage. Every switch, button and lever changes the set in a different way.",4,./data/images/cards/Card-Jitsu_Cards_full_349.png,True
222,350,Medieval Party,Fire,10,"During the Medieval Party penguins discovered dragons, befriended knights and completed heroic quests.",4,./data/images/cards/Card-Jitsu_Cards_full_350.png,True
223,351,Cadence,Fire,11,"Cadence is a popular DJ and she loves to dance. She opened the Night Club's Dance Contest game in 2009, where you can challenge your friends or dance solo.",4,./data/images/cards/Card-Jitsu_Cards_full_351.png,True
224,352,Cloud Wave,Fire,12,Pick up the Cloud Wave Bracer from the Martial Artworks catalog in the Ninja Hideout. Wear them and dance to create mysterious clouds before you turn invisible!,4,./data/images/cards/Card-Jitsu_Cards_full_352.png,True
225,353,Ghost Sheet,Snow,12,"You can find this costume in the Gift Shop at Halloween or in the Costume Trunk while Haunting of the Viking Opera is on at the Stage. During the play, this outfit certainly scared the singers!",4,./data/images/cards/Card-Jitsu_Cards_full_353.png,True
226,354,Cart Surfer,Snow,10,"The gnarly game can be found in the Mine, where your surf & skate tricks will earn you coins! Hang on for a wild surf ride!",4,./data/images/cards/Card-Jitsu_Cards_full_354.png,True
227,355,Keytar,Snow,9,This Treasure Book instrument is a musical masterpiece! It's pretty rare and you just have to put it on and dance to rock!,4,./data/images/cards/Card-Jitsu_Cards_full_355.png,True
228,356,X-treme Jetpack,Snow,9,You'll see this penguin in the Comics on the community section of the website. He's always looking for a new challenge to take games to the next level – the X-treme!,4,./data/images/cards/Card-Jitsu_Cards_full_356.png,True
229,357,Box Dimension,Water,9,Penguins can enter this room through the Portal Box item when it is set up in an igloo. This item was available at the 2009 April Fool's Day Party.,4,./data/images/cards/Card-Jitsu_Cards_full_357.png,True
230,358,Gold Viking Helmet,Water,10,This item is super rare! It's only available once in a while and is usually hidden as a secret in the Penguin Style catalog.,4,./data/images/cards/Card-Jitsu_Cards_full_358.png,True
231,359,Gary The Gadget Guy,Water,11,Gary is the island's resident inventor. He generally prefers to keep to himself to concentrate on inventing new gadgets. You may have seen a few like the Jet Pack and Pizzatron 3000.,4,./data/images/cards/Card-Jitsu_Cards_full_359.png,True
232,360,Rockhopper's Cannon,Water,12,"""ARR! Me Migrator's mighty cannon is known for many things. Its snowballs defend against icebergs. But in the past, it's also launched cake, candles and even me Puffle, Yarr!""",4,./data/images/cards/Card-Jitsu_Cards_full_360.png,True
233,427,Fire Ninja,Fire,12,"To gain your Fire Ninja Suit, you must practice Card-Jitsu Fire, then defeat the Sensei in the final challenge. Do you have what it takes to become a Fire Ninja?",5,./data/images/cards/Card-Jitsu_Cards_full_427.png,True
234,572,Orange Puffle Wagon,Fire,9,"When an orange puffle is completely fed and happy, watch out! They tend to unexpectedly take out a mega monster-truck and hit the gas!",6,./data/images/cards/Card-Jitsu_Cards_full_572.png,True
235,573,Haunted House,Fire,10,"One dark Halloween night in 2009, a haunted house appeared at the Mine Shack. This menacing mansion had moving statues, paintings that watched you, and puffle pranksters!",6,./data/images/cards/Card-Jitsu_Cards_full_573.png,True
236,574,Fire Dragon,Fire,11,Warriors and princesses alike had to battle this mechanical menace at the end of the Knight's Quest at the Medieval Party. Only by working together could they extinguish his flame and claim the treasure!,6,./data/images/cards/Card-Jitsu_Cards_full_574.png,True
237,575,Puffle Rescue: Underground,Fire,12,"Suit up and prepare to go underground! Pink puffles have been lost in the caves below Club Penguin. Jump mine carts, snow cannons, and blasts of steam to succeed.",6,./data/images/cards/Card-Jitsu_Cards_full_575.png,True
238,576,Double Necked Guitar,Snow,9,"This powerful instrument first appeared during Music Jam in 2010. It was released by surprise halfway through the festival, so penguins had one more chance to rock out.",6,./data/images/cards/Card-Jitsu_Cards_full_576.png,True
239,577,Puffle Rescue: Ice Floes,Snow,10,"Blue puffles need your help! Many are trapped on dangerous ice floes, surrounded by sharks! Jump between chunks of ice, and watch out for cracks to save them.",6,./data/images/cards/Card-Jitsu_Cards_full_577.png,True
240,578,Spy Phone,Snow,11,"This ultimate spy gadget has everything an Elite Agent needs. It can receive orders, teleport agents to any location, and even help complete special tasks.",6,./data/images/cards/Card-Jitsu_Cards_full_578.png,True
241,579,Dance Contest,Snow,12,"Over at the Night Club, DJ Cadence keeps the Dance Contest going with seriously epic music. Penguins looking to show off their moves can dance solo, or compete with their friends.",6,./data/images/cards/Card-Jitsu_Cards_full_579.png,True
242,580,Crab Costume,Water,9,"This rare costume is available in the Treasure Book catalog. However, Elite Agents on the Herbert's Revenge case will also receive one for a special assignment...",6,./data/images/cards/Card-Jitsu_Cards_full_580.png,True
243,581,Puffle Washer,Water,10,This high-powered washer will scrub away any mess within just a few seconds. Your puffles will come out fresh and clean every time. Available only in the Pet Shop's Furniture catalog!,6,./data/images/cards/Card-Jitsu_Cards_full_581.png,True
244,582,Green Jackhammer,Water,11,This unique tool showed up during the Earth Day celebration. Penguins voted it their favorite out of three choices. It can grow tree saplings instantly!,6,./data/images/cards/Card-Jitsu_Cards_full_582.png,True
245,583,The Veggie Villain,Water,12,"To stop the PSA, Herbert needed to break into its computer systems. When a secret agent stopped the attack, Herbert was able to teleport his popcorn device into the HQ and destroy it!",6,./data/images/cards/Card-Jitsu_Cards_full_583.png,True
246,584,Island Lifter 3000,Fire,9,"Invented by Gary the Gadget Guy, this powerful device lifted the entire island of Club Penguin into the sky for the Festival of Flight!",6,./data/images/cards/Card-Jitsu_Cards_full_584.png,True
247,585,Flare,Fire,10,"One of the Elite Puffles from the Elite Penguin Force. Flare can blow blue fire, which can weld nearly anything together. Agents on the Herbert's Revenge case can summon Flare anytime.",6,./data/images/cards/Card-Jitsu_Cards_full_585.png,True
248,586,Popcorn Device,Fire,11,"To destroy the PSA, Herbert P. Bear needed a powerful device. In May of 2010, he built that device–a souped-up popcorn popper!",6,./data/images/cards/Card-Jitsu_Cards_full_586.png,True
249,587,Field-Ops,Fire,12,Elite Agents receive orders every week for important tasks or critical situations. Agents can report for duty by accessing the Field-Ops computer in the Command Room.,6,./data/images/cards/Card-Jitsu_Cards_full_587.png,True
250,588,Recipe for Disaster,Snow,9,"When Herbert successfully destroyed the PSA, he celebrated by making all kinds of treats. His gloating would not last long though, as the Elite Penguin Force was soon on his case.",6,./data/images/cards/Card-Jitsu_Cards_full_588.png,True
251,589,Elite Agent,Snow,10,"Elite Agents must learn a number of highly specialized skills to complete their tasks. Re-wiring circuits, repowering electronics, and bypassing security systems are just some of the basics!",6,./data/images/cards/Card-Jitsu_Cards_full_589.png,True
252,590,Aunt Arctic Sketch,Snow,11,"This Aunt Arctic sketch is fairly recent, and shows her not-often-seen igloo. Because penguins have seen her so often, we always try to draw her in new and interesting poses.",6,./data/images/cards/Card-Jitsu_Cards_full_590.png,True
253,591,Yeti Cave,Snow,12,This peculiar place was discovered at the end of the Great Snow Maze in November 2009. A room fit for any Yeti!,6,./data/images/cards/Card-Jitsu_Cards_full_591.png,True
254,592,Shocktopus,Water,9,"Rescuers must face these high-voltage sea creatures during underwater levels in Puffle Rescue. They're rather shocking to see, and even more so to touch. Avoid at all costs!",6,./data/images/cards/Card-Jitsu_Cards_full_592.png,True
255,593,Puffle Rescue: Underwater,Water,10,"Calling all rescuers: Black puffles are trapped underwater! Suit up and dive in! More than anything, make sure not to sink too far into the deep...",6,./data/images/cards/Card-Jitsu_Cards_full_593.png,True
256,594,Hidden Lake Lock,Water,11,"When the Hidden Lake was discovered, explorers also found a mysterious locked door... underwater. The key was later discovered by Puffle Rescuers, who following a strange shadow...",6,./data/images/cards/Card-Jitsu_Cards_full_594.png,True
257,595,Knight's Quest,Water,12,The Knight's Quest is an adventure fit for any knight... or princess! Solve all the puzzles to discover untold treasures during the Medieval Party!,6,./data/images/cards/Card-Jitsu_Cards_full_595.png,True
258,724,Puffle Round Up[2],Snow,10,"""Okay, I just need to catch a few more for the Pet Shop. Easy now... steady... steady..."" says the penguin, thinking out loud. ""It takes real concentration to do this!""",7,./data/images/cards/Card-Jitsu_Cards_full_724.png,True
259,725,Fire Ninja Force,Fire,12,"In November 2010, Fire Ninjas gathered and used their powers to help get the water flowing to the new Water Dojo. To become a ninja, head to the Dojo and play Card-Jitsu.",7,./data/images/cards/Card-Jitsu_Cards_full_725.png,True
260,726,Halloween Swamp,Snow,9,"In the October 2010 Halloween Party, we waddled through mazes. To open the doors into the Dark Chamber, we had to mimic the creepy organ music.",7,./data/images/cards/Card-Jitsu_Cards_full_726.png,True
261,727,Prepare for Pumpkins,Snow,10,Getting a giant pumpkin to the lighthouse was just one part of the 2010 Halloween Party. Penguins got their costumes ready from the October edition of Penguin Style.,7,./data/images/cards/Card-Jitsu_Cards_full_727.png,True
262,728,Finding Rockhopper,Snow,11,"One of the Captain's favorite snacks is surprising... stinky cheese! Even without cheese, you may find Rockhopper on his Migrator ship, when it docks in Club Penguin.",7,./data/images/cards/Card-Jitsu_Cards_full_728.png,True
263,729,Elite Puffle: Flare,Snow,12,"Some member penguins entered the Unlock Code from the Club Penguin DS game and got the Elite Puffle, Flare. Its welding skills and blue flames make it intense.",7,./data/images/cards/Card-Jitsu_Cards_full_729.png,True
264,730,Giant Pearl,Water,9,There are many ways to earn coins in Club Penguin. But the clam that holds the giant pearl in Aqua Grabber might be the sparkliest way of all. Tip: Don't wake up the clam!,7,./data/images/cards/Card-Jitsu_Cards_full_730.png,True
265,731,Water Stamps,Water,10,Ninjas who play Card-Jitsu Water can earn stamps that will show off their ninja skills. Go to the Dojo and challenge your opponents to race towards the gong at the Waterfall.,7,./data/images/cards/Card-Jitsu_Cards_full_731.png,True
266,732,EPF Agents,Water,11,Classified Information: Rookie and Jet Pack Guy are rumored to be Elite Penguin Force Agents. Become a secret agent by responding to another agent's invite and taking the test.,7,./data/images/cards/Card-Jitsu_Cards_full_732.png,True
267,733,Puffle Rescue,Water,12,"From the Mine, you can take on the task of rescuing puffles in peril when you play Puffle Rescue. And as you navigate the waters, never forget that creatures like squid and sharks are hot on your flippers.",7,./data/images/cards/Card-Jitsu_Cards_full_733.png,True
268,734,Fire Dojo Challenge,Fire,9,"Hone your battle skills by challenging ninja opponents at the Fire Dojo. You'll need patience, practice, power. Also, to master this element and become a Fire Ninja, some hot sauce is recommended.",7,./data/images/cards/Card-Jitsu_Cards_full_734.png,True
269,735,System Defender,Fire,10,"On January 13, 2011, the EPF was attacked by enemy bugs. Agents repelled the attack with a new program called System Defender. Now any agent can train in this game at the Command Room.",7,./data/images/cards/Card-Jitsu_Cards_full_735.png,True
270,736,Adventurous Red Puffle,Fire,11,"Originally brought to Club Penguin from Rockhopper Island, adventurous red puffles love cannons. You can adopt a red puffle from the Pet Shop.",7,./data/images/cards/Card-Jitsu_Cards_full_736.png,True
271,737,G and the Machine,Fire,12,"""It's incredibly complex. A machine made from all sorts of things around the island."" During the Wilderness Expedition of January 2011, we were challenged to make the machine work.",7,./data/images/cards/Card-Jitsu_Cards_full_737.png,True
272,738,Enemies of the System,Snow,9,"The Ultimate Protobot and his minions wreak havoc in System Defender. Luckily, the Elite Penguin Force has strong defenses to counteract their attempts. Agents, your orders are in the Command Room.",7,./data/images/cards/Card-Jitsu_Cards_full_738.png,True
273,739,Holiday Dojo Lights,Snow,10,"At the Holiday Party 2010, the island was brightly lit. How many lights, you ask? Over 1000 bulbs shone bright in the Courtyard alone. Sensei really, really likes decorating.",7,./data/images/cards/Card-Jitsu_Cards_full_739.png,True
274,740,Wii Rollin' Riot,Snow,11,"In Club Penguin's Game Day for Wii, the Rollin' Riot game's challenge is to make the biggest snowball... just make sure your opponents don't take yours!",7,./data/images/cards/Card-Jitsu_Cards_full_740.png,True
275,741,EPF Under Attack,Snow,12,"In January 2011, Secret Agents were told to report to System Defender in the Command Room. Specialized skills and honed instinct help the Elite Penguin Force. Join by invitation of someone on the squad.",7,./data/images/cards/Card-Jitsu_Cards_full_741.png,True
276,742,Elite Comm Class Agents,Water,9,Comm class agents of the Elite Penguin Force are the eyes and ears of the island's secret agency. They know information wins battles. Join the EPF today by accepting an invitation from an agent and taking the test.,7,./data/images/cards/Card-Jitsu_Cards_full_742.png,True
277,743,Brown Puffle Cliff,Water,10,"We were excited to go on a Wilderness Expedition in January 2011. Once through the Tree Maze and onto the boat, we crossed a bay and were faced with cliffs and caves. Then we discovered the inventive brown puffle!",7,./data/images/cards/Card-Jitsu_Cards_full_743.png,True
278,744,Coins for Change Goal!,Water,11,Filling the Lighthouse during Coins for Change 2010 was an awesome challenge. We did it! And the virtual Club Penguin coins meant real donations went to help kids around the globe.,7,./data/images/cards/Card-Jitsu_Cards_full_744.png,True
279,745,Sensei Water Battle,Water,9,"The last step to becoming a Water Ninja is defeating Sensei in battle. Though his skills are legendary, the way to defeating him is dedication. Keep trying, no matter what, and victory will be yours.",7,./data/images/cards/Card-Jitsu_Cards_full_745.png,True
280,746,Green Puffles in Jet Pack Adventure,Fire,10,"If you're looking for an edge in the game Jet Pack Adventure, take a green puffle with you. These talented fliers will go around collecting coins, and will look for extra fuel if you start to run out!",7,./data/images/cards/Card-Jitsu_Cards_full_746.png,True
281,747,Water Dojo,Water,11,The Water Dojo is a place of mist and mystery. Ninjas journey here to train in the ancient art of Card-Jitsu Water. Speak with Sensei to arrange a match. Those who do must be prepared to compete... and to swim.,7,./data/images/cards/Card-Jitsu_Cards_full_747.png,True
282,748,White Puffle[3],Snow,12,A snowflake. A single sheet of blank paper. A white puffle. Small things can sometimes conceal great power.,7,./data/images/cards/Card-Jitsu_Cards_full_748.png,True
283,749,Yarr[4],Fire,11,"""Avast!"" cries Rockhopper. ""What be them flares me sees on the horizon? What's that ye say, Yarr? Arr, I think it be a message from me buddies at Club Penguin, too.""",7,./data/images/cards/Card-Jitsu_Cards_full_749.png,True
284,750,Keeper of the Boiler Room[5],Water,11,"""Talk about an incredible job,"" the Keeper exclaims in the middle of a bounce. ""Everyday dancing required and a cheerful nature a must...""",7,./data/images/cards/Card-Jitsu_Cards_full_750.png,True
285,804,Mobile Fire Power Card 1,Fire,11,"This card does not appear in real-life, and as such has no description",8,./data/images/cards/Card-Jitsu_Cards_full_804.png,True
